State A,State A name,Conti-guity ,Shared river,Number shared rivers,Type of shared river,River(s),Length of river boundaries,Total length,Drainage basin(s),Size of basin in  km2,Total,Size of basin in state A,Total,Size of basin in state B,Total,Upstream State,Upstream State average,State B,State B name,Conti-guity start year,Conti-guity end year,,,,
2,USA,1,1,8,4,"St. Lawrence, 
Niagara River, Detroit River, 
St. Clair, Pigeon River, 
Rainy River, St. John, St.Croix","185, 50, 45, 60, 45, 135, 165, 180",1275,"St. Lawrence, St. John, St. Croix","1280000, 51800, 8100",1339900,"48000, 17600, 6700",72300,"800000, 34200, 1400",835600,"B,B,B,B,B,B,A,B",2,20,Canada,1920,2016,,,,
2,USA,1,1,2,4,"Colorado, Rio Grande","35, 1450",1485,"Colorado, Rio Grande","615000, 550000",1165000,608850.3025,611875,"6150, 247500",253650,"A,A",1,70,Mexico,1831,2016,,,,
41,Haiti,1,1,4,4,"Libon, Artibonite, Macassi, Pedernales","25, 55, 25, 30",135,"Artibonite, Pedernales","7900, 450",8350,"5250, 190",5440,"2650, 260",2910,"B,B,A,B",2,42,Dominican Republic,1894,1914,,,,
41,Haiti,1,1,2,4,"Libon, Artibonite, Macassi","25, 55, 25",105,Artibonite,7900,7900,5250,5250,2650,2650,"B,B,A",2,42,Dominican Republic,1934,2016,,,,
70,Mexico,1,1,1,1,Hondo,145,145,Hondo,5600,5600,1700,1700,2750,2750,A,1,80,Belize,1981,2016,,,,
70,Mexico,1,1,3,4,"Usumacinta, Chixoy, Suchiate","180, 50, 75",305,"Grijalva-Usumacinta, Suchiate","120000, 1840",121840,"81000, 530",81530,"39000, 1320",40320,"A,B,B",2,90,Guatemala,1868,2016,,,,
80,Belize,1,1,1,2,Sarstùn,40,40,Sarstùn,1800,1800,230,230,1920,1920,B,2,90,Guatemala,1981,2016,,,,
90,Guatemala,1,1,2,2,"Motagua, Frio","20, 10",30,"Motagua, Lempa","12570, 9870",22440,"10660, 460",11120,"1910, 3555",5465,"A,B",3,91,Honduras,1899,2016,,,,
90,Guatemala,1,1,7,4,"Goascoràn, Cusmapa, Güija, Anguiatù, Paz, Güeveapa, Chingo","65, 10, 10, 40, 55, 15, 10",205,"Goascoràn, Paz","2500, 1650",4150,"1910, 920",2830,"590, 730",11320,"A,A,A,A,A,A,A",1,92,El Salvador,1875,2016,,,,
91,Honduras,1,1,4,4,"Lempa, Sumpal, Torola,  Goascoràn","40, 35, 45, 65",126,"Lempa, Goascoràn","9870, 2500",12370,"3555, 1910",5465,"5855, 590",6445,A,1,92,El Salvador,1899,2016,,,,
91,Honduras,1,1,5,1,"Coco, Pateca, Choluteca, Negro, Guasaute","515, 40, 10, 20, 45",630,"Coco, Choluteca, Negro","24800, 6260, 2830",33890,"4210, 6100, 1185",11495,"20590, 160, 1645",22395,"A,A,A,B,A",1,93,Nicaragua,1900,2016,,,,
93,Nicaragua,1,1,1,1,San Juan,125,125,San Juan,39350,39350,26780,26780,12570,12570,A,1,94,Costa Rica,1920,2016,,,,
94,Costa Rica,1,0,0,0,0,0,0,0,0,0,0,0,0,0,0,0,93,Nicaragua,1920,2016,,,,
94,Costa Rica,1,1,2,4,"Sixaola, Yorkin","65, 10",75,Sixaola,3300,3300,2570,2570,730,730,"A,B",3,95,Panama,1920,2016,,,,
95,Panama,1,0,0,0,0,0,0,0,0,0,0,0,0,0,0,0,100,Colombia,1920,2016,,,,
100,Colombia,1,1,8,4,"Atabapo, Orinoko, Meta, Arauca, Negro, Oirà, Intermedio, Rio de Oro","120, 275, 240, 235, 240, 25, 40, 55",1230,"Orinoco, Amazon, Catatumbo","966000, 5870000, 34840",6870840,"30000, 340000, 19300",389300,"626000, 50000, 15540",691540,"A,A,A,A,A,A,A,A",1,101,Venezuela,1841,2016,,,,
100,Colombia,1,1,5,1,"Putumayo, San Miguel, Mira, Mataje, Rio Patià","160, 125, 15, 30, 25",355,"Amazonas, Mira, Mataje, Patia","5870000, 11200, 870, 22540",5904610,"340000, 4280, 249, 22400",366929,"125000, 6920, 630, 140 ",132690,"A,B,B,B,B",2,130,Ecuador,1854,2016,,,,
100,Colombia,1,1,3,4,"Amazonas, Putumayo, Atacuari","100, 860, 15",975,Amazonas,5870000,5870000,340000,340000,935000,935000,"A,A,A",1,135,Peru,1922,2016,,,,
100,Colombia,1,1,7,4,"Japurà, Taraira, Apaporis, Papuri, Isana, Vaupès, Q Lanà","25, 155, 35, 120, 50, 150, 50",585,Amazonas,5870000,5870000,340000,340000,3715000,3715000,"A,A",1,140,Brazil,1831,2016,,,,
101,Venezuela,1,1,4,4,"Cuyuni, Venamo, Amacuro, Acarabisi","110, 130, 70, 35",345,"Essequibo, Amacuro",147000.1026,148026,"33810, 7960",41770,"113190, 2300",115490,"A,A,A,A",1,110,Guyana,1966,2016,,,,
101,Venezuela,1,0,0,0,0,0,0,0,0,0,0,0,0,0,0,0,140,Brazil,1841,2016,,,,
110,Guyana,1,1,3,1,"Courantyne, Coeroeni, Sipalwini","450, 230, 80",760,Courantyne,72100,72100,35200,35200,36900,36900,"A,A,B",1,115,Suriname,1975,2016,,,,
110,Guyana,1,1,2,1,"Ireng, Tacutu","330, 225",555,Amazonas,5870000,5870000,5000,5000,3715000,3715000,"A,B",3,140,Brazil,1966,2016,,,,
115,Suriname,1,0,0,0,0,0,0,0,0,0,0,0,0,0,0,0,140,Brazil,1975,2016,,,,
130,Ecuador,1,1,3,4,"Mzrznon, Amazonas, Huallaga",0,0,Amazonas,5870000,5870000,0,0,0,0,"B,A,B",2,135,Peru,1854,1879,,,,
130,Ecuador,1,1,12,4,"Napo, Aguarico, Zarumilla, Tumbes, Chira, Conchis, San Francisco, Lagartococha, Guepi, Cazaderas, Pilares, Macarà","25, 35, 35, 65, 45, 45, 20, 75, 40, 45, 45, 110",585,"Amazonas, Zurumilla, Tumbes, Chira","5870000, 1570, 4655, 16220",5892445,"12500, 880, 2640, 7480",23500,"935000, 690, 2015, 8740",946445,"A,A,A,A,A,A,A,A,A,A,A,A",1,135,Peru,1883,2016,,,,
130,Ecuador,1,0,0,0,0,0,0,0,0,0,0,0,0,0,0,0,140,Brazil,1854,1921,,,,
135,Peru,1,1,12,4,"Moura, Liberdade, Gregorio, Tarauacà, Envira, Jurupari, Moaco, Purus,  San Francisco, Edimara, Iquiri, Sta Rosa",0,0,Amazonas,5870000,5870000,0,0,0,0,"A,A,A,A,A,A,A,A,A,A,A,A",1,140,Brazil,1839,1879,,,,
135,Peru,1,1,6,4,"Acre, Purus, Breu, Yavari, Shambuyacu, Sta Rosa","110, 20, 60, 400, 40, 80",710,Amazonas,5870000,5870000,935000,935000,3715000,3715000,"A,A,B,A,A,A",1,140,Brazil,1883,2016,,,,
135,Peru,1,1,5,4,"Suches, Tambopata, Heath, Desaguadero, Lanza","70, 10, 160, 10, 75",325,"Lake Titicaca-Poopò, Amazon","114000, 5870000",5984000,"49900, 935000",984900,"59300, 700000",759300,"B,A,B,A,A",1,145,Bolivia,1848,1879,,,,
135,Peru,1,1,5,4,"Suches, Tambopata, Heath, Desaguadero, Lanza","70, 10, 160, 10, 75",325,"Lake Titicaca-Poopò, Amazon","114000, 5870000",5984000,"49900, 935000",984900,"59300, 700000",759300,"B,A,B,A,A",1,145,Bolivia,1883,2016,,,,
135,Peru,1,0,0,0,0,0,0,0,0,0,0,0,0,0,0,0,155,Chile,1883,2016,,,,
140,Brazil,1,1,10,4,"Verde, Guapore, Mamorè, Madeira, Abuna, Rapirràn, Xipamanu, Acre, Corixa Grande, Paraguai","120, 800, 235, 100, 340, 75, 125, 100, 180, 45",2120,"Amazonas, La Plata ","5870000, 3200000",9070000,"3715000, 1425000",5140000,"700000, 238000",938000,B,2,145,Bolivia,1848,2016,,,,
140,Brazil,1,1,3,1,"Paraguay, Apa, Paranà","280, 280, 210",770,La Plata,3200000,3200000,1425000,1425000,407000,407000,B,2,150,Paraguay,1846,1869,,,,
140,Brazil,1,1,3,1,"Paraguay, Apa, Paranà","280, 280, 210",770,La Plata,3200000,3200000,1425000,1425000,407000,407000,"A,A,A",1,150,Paraguay,1876,2016,,,,
140,Brazil,1,1,4,1,"Uruguay, Pepiri, Iguacu, Santo Antonio","695, 125, 105, 85",1010,La Plata,3200000,3200000,1425000,1425000,990000,990000,"B,A,A,A,A",1,160,Argentina,1851,2016,,,,
140,Brazil,1,1,4,1,"Cuareim, Jaguarao, San Miguel, Chuy","275, 140, 10, 15",440,"La Plata, Lagoon Mirim, Chuy","3200000, 55700, 500",3256200,"1425000, 23200, 390",1448590,"140000, 32500, 110",172610,"B,B,B,A",2,165,Uruguay,1882,2016,,,,
145,Bolivia,1,1,1,3,Timane,0,0,La Plata,3200000,3200000,238000,238000,407000,407000,A,1,150,Paraguay,1848,1869,,,,
145,Bolivia,1,1,1,2,Negro,30,30,La Plata,3200000,3200000,238000,238000,407000,407000,A,1,150,Paraguay,1876,2016,,,,
145,Bolivia,1,0,0,0,0,0,0,0,0,0,0,0,0,0,0,0,155,Chile,1848,2016,,,,
145,Bolivia,1,1,5,4,"Pilcomayo, Rio Grande de Tarija, Bermejo, Itaù, Sta Victoria","55, 70, 105, 40, 25",295,La Plata,3200000,3200000,238000,238000,990000,990000,"A,A,A,A,A",1,160,Argentina,1848,2016,,,,
150,Paraguay,1,1,3,1,"Paranà, Paraguay, Pilcomayo","660, 360, 575",1595,La Plata,3200000,3200000,407000,407000,990000,990000,A,1,160,Argentina,1846,1869,,,,
150,Paraguay,1,1,3,1,"Paranà, Paraguay, Pilcomayo","660, 360, 575",1595,La Plata,3200000,3200000,407000,407000,990000,990000,A,1,160,Argentina,1876,2016,,,,
155,Chile,1,1,4,1,"Simpsons, Galera, Jeinemeni, Vizcacha","30, 20, 45, 10",105,"Aysen, Baker, Serrano","15300, 25700, 9100",50100,"14400, 20350, 2140",36890,"900, 5350, 6960",13210,"B,B,B,B",2,160,Argentina,1841,2016,,,,
160,Argentina,1,1,1,1,Uruguay,500,500,La Plata,3200000,3200000,990000,990000,140000,140000,A,1,165,Uruguay,1882,2016,,,,
200,United Kingdom,1,1,3,4,"Blackwater, Foyle, Fane","25, 25, 10",60,"Bann, Foyle, Fane","5800, 4000, 190",9990,"5420, 2760, 25",8205,"380, 1240, 165",1785,"A,A,A",1,205,Irland,1922,2016,,,,
210,Netherlands,1,1,1,2,Meuse,40,40,Meuse,41400,41400,7300,7300,17300,17300,B,2,211,Belgium,1830,1939,,,,
210,Netherlands,1,1,1,2,Meuse,40,40,Meuse,41400,41400,7300,7300,17300,17300,B,2,211,Belgium,1945,2016,,,,
210,Netherlands,1,1,1,2,Meuse,40,40,Meuse,41400,41400,7300,7300,17300,17300,B,2,220,France,1816,1829,,,,
210,Netherlands,1,1,1,3,Dinkel,0,0,0,0,0,0,0,0,0,A,1,240,Hanover,1838,1865,,,,
210,Netherlands,1,1,7,4,"Rhinen, Niers, Rur, Berkel, Dinkel, Buurser, Oude Rÿn",0,0,Meuse,41400,41400,0,0,0,0,"A,A,A,B,B,B,B",2,255,Germany/Prussia,1816,1939,,,,
210,Netherlands,1,1,2,1,"Rhinen, Schoonebeecer","10, 25",35,Rhinen,168757,168757,10000,10000,100500,100500,"B,B",2,255,Germany/Prussia,1990,2016,,,,
210,Netherlands,1,1,2,1,"Rhinen, Schoonebeecer","10, 25",35,Rhinen,168757,168757,10000,10000,100500,100500,"B,B",2,260,GFR,1955,1989,,,,
211,Belgium,1,1,1,1,Sûre,10,10,Rhinen,168757,168757,1400,1400,2600,2600,B,2,212,Luxembourg,1920,1939,,,,
211,Belgium,1,1,1,1,Sûre,10,10,Rhinen,168757,168757,1400,1400,2600,2600,B,2,212,Luxembourg,1945,2016,,,,
211,Belgium,1,1,1,1,Leie,30,30,Schelde,16500,16500,9700,9700,6500,6500,A,1,220,France,1830,1939,,,,
211,Belgium,1,1,1,1,Leie,30,30,Schelde,16500,16500,9700,9700,6500,6500,A,1,220,France,1945,2016,,,,
211,Belgium,1,0,0,0,0,0,0,0,0,0,0,0,0,0,0,0,255,Germany/Prussia,1830,1939,,,,
211,Belgium,1,0,0,0,0,0,0,0,0,0,0,0,0,0,0,0,255,Germany/Prussia,1990,2016,,,,
211,Belgium,1,0,0,0,0,0,0,0,0,0,0,0,0,0,0,0,260,GFR,1955,1989,,,,
212,Luxembourg,1,0,0,0,0,0,0,0,0,0,0,0,0,0,0,0,220,France,1920,1939,,,,
212,Luxembourg,1,0,0,0,0,0,0,0,0,0,0,0,0,0,0,0,220,France,1944,2016,,,,
212,Luxembourg,1,1,3,1,"Moselle, Our, Sauer","40, 35, 20",95,Rhinen,168757,168757,0,0,0,0,"B,B,B",2,255,Germany/Prussia,1920,1939,,,,
212,Luxembourg,1,1,3,1,"Moselle, Our, Sauer","40, 35, 20",95,Rhinen,168757,168757,0,0,0,0,"B,B,B",2,255,Germany/Prussia,1944,1944,,,,
212,Luxembourg,1,1,3,1,"Moselle, Our, Sauer","40, 35, 20",95,Rhinen,168757,168757,0,0,0,0,"B,B,B",2,255,Germany/Prussia,1990,2016,,,,
212,Luxembourg,1,1,3,1,"Moselle, Our, Sauer","40, 35, 20",95,Rhinen,168757,168757,2600,2600,100500,100500,"B,B,B",2,260,GFR,1955,1989,,,,
220,France,1,0,0,0,0,0,0,0,0,0,0,0,0,0,0,0,221,Monaco,1993,2016,,,,
220,France,1,1,2,4,"Doubs, Rhöne","45, 10",55,Rhöne,95300,95300,88000,88000,7300,7300,"A,B",3,225,Switzerland,1816,1941,,,,
220,France,1,1,2,4,"Doubs, Rhöne","45, 10",55,Rhöne,95300,95300,88000,88000,7300,7300,"A,B",3,225,Switzerland,1944,2016,,,,
220,France,1,1,1,1,Bidasoa,10,10,Bidasoa,820,820,180,180,640,640,B,2,230,Spain,1816,1941,,,,
220,France,1,1,1,1,Bidasoa,10,10,Bidasoa,820,820,180,180,640,640,B,2,230,Spain,1944,2016,,,,
220,France,1,1,1,1,Ariège,10,10,Garonne,53425,53425,52900,52900,25,25,A,1,232,Andorra,1993,2016,,,,
220,France,1,1,4,4,"Lauter, Sauer, Saar, Erbach",0,0,Rhinen,168757,168757,0,0,0,0,"B,B,B,B",2,245,Bavaria,1816,1870,,,,
220,France,1,1,1,3,Nied,0,0,Rhinen,168757,168757,0,0,0,0,A,1,255,Germany/Prussia,1816,1939,,,,
220,France,1,1,1,3,Nied,0,0,Rhinen,168757,168757,0,0,0,0,A,1,255,Germany/Prussia,1944,1944,,,,
220,France,1,1,3,4,"Rhinen, Lauter, Sarre","180, 20, 20",220,Rhinen,168757,168757,23700,23700,100500,100500,"A,B,A",1,255,Germany/Prussia,1990,2016,,,,
220,France,1,1,3,4,"Rhinen, Lauter, Sarre","180, 20, 20",220,Rhinen,168757,168757,23700,23700,100500,100500,"A,B,A",1,260,GFR,1955,1989,,,,
220,France,1,1,1,1,Rhinen,0,0,Rhinen,168757,168757,0,0,0,0,B,2,267,Baden,1816,1869,,,,
220,France,1,0,0,0,0,0,0,0,0,0,0,0,0,0,0,0,325,Italy/Sardinia,1816,1941,,,,
220,France,1,0,0,0,0,0,0,0,0,0,0,0,0,0,0,0,325,Italy/Sardinia,1944,2016,,,,
223,Liechtenstein,1,1,1,1,Rhinen,30,30,Rhinen,168757,168757,157,157,27500,27500,B,2,225,Switzerland,1990,2016,,,,
223,Liechtenstein,1,0,0,0,0,0,0,0,0,0,0,0,0,0,0,0,305,Austria,1990,2016,,,,
225,Switzerland,1,1,1,1,Rhinen,110,110,Rhinen,168757,168757,27500,27500,100500,100500,B,2,255,Germany/Prussia,1870,1944,,,,
225,Switzerland,1,1,1,1,Rhinen,110,110,Rhinen,168757,168757,27500,27500,100500,100500,B,2,255,Germany/Prussia,1990,2016,,,,
225,Switzerland,1,1,1,1,Rhinen,110,110,Rhinen,168757,168757,27500,27500,100500,100500,B,2,260,GFR,1955,1989,,,,
225,Switzerland,1,1,1,1,Rhinen,0,0,Rhinen,168757,168757,0,0,0,0,B,2,267,Baden,1816,1869,,,,
225,Switzerland,1,1,2,2,Rhinen,35,35,Rhinen,168757,168757,27500,27500,2900,2900,A,1,300,Austria-Hungary,1816,1917,,,,
225,Switzerland,1,1,2,2,Rhinen,35,35,Rhinen,168757,168757,27500,27500,2900,2900,A,1,305,Austria,1919,1937,,,,
225,Switzerland,1,1,2,2,Rhinen,35,35,Rhinen,168757,168757,27500,27500,2900,2900,A,1,305,Austria,1955,2016,,,,
225,Switzerland,1,0,0,0,0,0,0,0,0,0,0,0,0,0,0,0,325,Italy/Sardinia,1816,2016,,,,
230,Spain,1,0,0,0,0,0,0,0,0,0,0,0,0,0,0,0,232,Andorra,1993,2016,,,,
230,Spain,1,1,11,4,"Minho, Douro, Touroes, Tejo, Erjes, Sever, Guadiana, Sabor, Agueda, Chanca, Ardila","70, 100, 35, 50, 65, 50, 50, 35, 30, 55, 20",560,"Minho, Douro, Tejo, Guadiana","13500, 94500, 82000, 61400",251400,"12800, 78600, 56500, 53800",201700,"700, 15900, 25500, 7600",49700,"A,A,A,A,B,A,A,A,A,A,A",1,235,Portugal,1816,2016,,,,
230,Spain,1,0,0,0,0,0,0,0,0,0,0,0,0,0,0,0,600,Morokko,1956,2016,,,,
240,Hanover,1,1,17,4,"Ems, Hase, Glane, Bever, Else, Aue, Aa, Vechte, Elbe, Aland, Jeetze, Bode, Ohre, Ilse, Rhume, Leine, Weser",0,0,0,0,0,0,0,0,0,"B,A,A,A,A,B,A,B,B,B,B,B,B,B,B,B,B",2,255,Germany/Prussia,1838,1865,,,,
240,Hanover,1,1,4,4,"Ohm, Lahn, Nidda, Schwalm, Main, Rhein, ",0,0,0,0,0,0,0,0,0,"B,B,B,B,B,B",2,273,Hesse Electoral,1838,1865,,,,
240,Hanover,1,1,2,4,"Elbe, Bolize",0,0,0,0,0,0,0,0,0,"A,A",1,280,Mecklenburg Schwerin,1843,1865,,,,
245,Bavaria,1,1,3,4,"Nahe, Glan, Blies",0,0,Rhinen,168757,168757,0,0,0,0,"B,A,B",2,255,Germany/Prussia,1816,1870,,,,
245,Bavaria,1,1,1,1,Main,0,0,0,0,0,0,0,0,0,A,1,267,Baden,1816,1869,,,,
245,Bavaria,1,0,0,0,0,0,0,0,0,0,0,0,0,0,0,0,269,Saxony,1816,1866,,,,
245,Bavaria,1,1,7,4,"Tauber, Egen, Dischingen, Brenz, Donau, Iller, Argen",0,0,0,0,0,0,0,0,0,"A,B,B,B,B,B,A",2,271,Wuerttemburg,1816,1869,,,,
245,Bavaria,1,1,1,1,Saale,0,0,0,0,0,0,0,0,0,A,1,273,Hesse Electoral,1816,1865,,,,
245,Bavaria,1,1,2,4,"Main, Gersprent",0,0,0,0,0,0,0,0,0,"B,B",2,275,Hesse Grand Ducal,1816,1866,,,,
245,Bavaria,1,1,17,4,"Iller, Lech, Lorsach, Halden S., Isartal, Inn, Achen-tal, Achen, Saalach, Ssalzach, Donau, Gr.Mühl, Cham, Pfreimd, Schwarzach, Ohre, Eger",0,0,0,0,0,0,0,0,0,"B,B,B,B,B,B,B,B,B,B,B,B,B,B,B,B,A,A",2,300,Austria-Hungary,1816,1870,,,,
255,Germany/Prussia,1,1,3,4,"Nahe, Glan, Blies",0,0,Rhinen,168757,168757,0,0,0,0,"A,B,A",1,267,Baden,1849,1869,,,,
255,Germany/Prussia,1,1,9,4,"Elser, Saale, Elster, Mulde, Elbe, Grosse Röder, Pulsnitz, Spree, Schwarze Elster",0,0,0,0,0,0,0,0,0,"A,A,B,B,B,B,B,B",2,269,Saxony,1816,1866,,,,
255,Germany/Prussia,1,1,2,3,"Donau, Neckar",0,0,"Donau, Rhinen","796250, 168757",965007,0,0,0,0,"B,B",2,271,Wuerttemburg,1849,1869,,,,
255,Germany/Prussia,1,1,4,4,"Lahn, Eder, Werra, Piemel",0,0,Rhinen,168757,168757,0,0,0,0,"A,A,A,A",1,273,Hesse Electoral,1816,1865,,,,
255,Germany/Prussia,1,1,1,1,Nahe,0,0,Rhinen,168757,168757,0,0,0,0,B,2,275,Hesse Grand Ducal,1816,1866,,,,
255,Germany/Prussia,1,1,8,4,"Löcknitz, Dosse, Uecker, Zarow, Landgraben, Tollense, Trebel, Recknitz",0,0,0,0,0,0,0,0,0,"B,A,B,B,B,B,A,B",2,280,Mecklenburg Schwerin,1843,1866,,,,
255,Germany/Prussia,1,1,2,4,"Narew, Wisla",0,0,Wisla,193000,193000,0,0,0,0,"A,B",3,290,Poland,1919,1938,,,,
255,Germany/Prussia,1,1,2,1,"Oder, Neise","170, 165",335,Oder,126000,126000,13000,13000,103800,103800,"A,B",3,290,Poland,1990,2016,,,,
255,Germany/Prussia,1,1,7,4,"Jizera, Orlice, Nysa, Opava, Odra, Olse, Wisla",0,0,0,0,0,0,0,0,0,"A,A,B,B,B,B,B",2,300,Austria-Hungary,1816,1917,,,,
255,Germany/Prussia,1,1,11,4,"Inn, Salzach, Saalach, Donau, Achen, Achen-tal, Isartal,  Wetterstein-Geb,  Lorsach, Lech, Iller",0,0,0,0,0,0,0,0,0,"B,B,B,B,B,B,B,B,B,B,B",2,305,Austria,1919,1937,,,,
255,Germany/Prussia,1,1,11,4,"Inn, Salzach, Saalach, Donau, Achen, Achen-tal, Isartal,  Wetterstein-Geb,  Lorsach, Lech, Iller",0,0,0,0,0,0,0,0,0,"B,B,B,B,B,B,B,B,B,B,B",2,305,Austria,1990,2016,,,,
255,Germany/Prussia,1,0,0,0,0,0,0,0,0,0,0,0,0,0,0,0,310,Hungary,1938,1944,,,,
255,Germany/Prussia,1,1,9,4,"Regen, Ohre, Elbe, Neisse, Jizera, Nysa, Odra, Olse, Wisla",0,0,0,0,0,0,0,0,0,"B,B,B,B,A,B,B,B,B",2,315,Czechoslovakia,1918,1938,,,,
255,Germany/Prussia,1,1,4,4,"Regen, Ohre, Elbe, Neisse",0,0,0,0,0,0,0,0,0,"B,B,B,B",2,315,Czechoslovakia,1990,1992,,,,
255,Germany/Prussia,1,1,4,4,"Regen, Ohre, Elbe, Neisse",0,0,0,0,0,0,0,0,0,"B,B,B,B",2,316,The Czech Republic,1993,2016,,,,
255,Germany/Prussia,1,0,0,0,0,0,0,0,0,0,0,0,0,0,0,0,325,Italy/Sardinia,1938,1944,,,,
255,Germany/Prussia,1,1,1,2,Mura,35,35,Donau,796250,796250,0,0,179000,179000,A,1,345,Yugoslavia (Serbia),1938,1940,,,,
255,Germany/Prussia,1,1,5,4,"Mura, Dràva, Dravinja, Slatina, Sava",0,0,Donau,796250,796250,0,0,0,0,"A,A,A,A,A",1,345,Yugoslavia (Serbia),1944,1944,,,,
255,Germany/Prussia,1,1,8,4,"Prosna, Warta, Wista, Wkra, Orzyc, Omulew, Szkwa, Neman",0,0,Wisla,193000,193000,0,0,0,0,"B,B,B,A,A,A,A,B",3,365,Russia (USSR),1816,1918,,,,
255,Germany/Prussia,1,1,2,2,"Bug, San",0,0,Wisla,193000,193000,0,0,0,0,"B,B",2,365,Russia (USSR),1939,1940,,,,
255,Germany/Prussia,1,1,1,3,Neman,0,0,0,0,0,0,0,0,0,B,2,368,Lithuania,1918,1939,,,,
255,Germany/Prussia,1,1,1,1,Süderau,0,0,0,0,0,0,0,0,0,B,2,390,Denmark,1866,1939,,,,
255,Germany/Prussia,1,1,1,1,Süderau,0,0,0,0,0,0,0,0,0,B,2,390,Denmark,1990,2016,,,,
260,GFR,1,1,3,4,"Elbe, Ohre, Jeetze","90, 10,10",110,Elbe,144500,144500,80000,80000,12600,12600,"A,B,B",2,265,DDR,1955,1989,,,,
260,GFR,1,1,5,4,"Inn, Salzach, Saalach, Donau","80, 60, 10, 30",180,Donau,796250,796250,56000,56000,79549,79549,B,2,305,Austria,1955,1989,,,,
260,GFR,1,0,0,0,0,0,0,0,0,0,0,0,0,0,0,0,315,Czechoslovakia,1955,1989,,,,
260,GFR,1,0,0,0,0,0,0,0,0,0,0,0,0,0,0,0,390,Denmark,1955,1989,,,,
265,DDR,1,1,2,1,"Oder, Neisse","170, 165",335,Oder,126000,126000,13000,13000,103800,103800,"A,B",3,290,Poland,1954,1989,,,,
265,DDR,1,0,0,0,0,0,0,0,0,0,0,0,0,0,0,0,315,Czechoslovakia,1954,1989,,,,
267,Baden,1,1,9,4,"Tauber, Jagst, Rems, Enz, Nagold, Murg, Kinzig, Neckar, Donau, Ach",0,0,0,0,0,0,0,0,0,"B,B,B,B,B,A,B,A,A,A",2,271,Wuerttemburg,1816,1869,,,,
267,Baden,1,1,1,1,Neckar,0,0,Rhinen,168757,168757,0,0,0,0,A,1,275,Hesse Grand Ducal,1816,1866,,,,
269,Saxony,1,1,2,4,"Elbe, Neisse",0,0,0,0,0,0,0,0,0,"B,B",2,300,Austria-Hungary,1816,1866,,,,
273,Hesse Electoral,1,1,4,3,"Wetter, Schwalm, Ohm, Lahn",0,0,Rhinen,168757,168757,0,0,0,0,"B,B,B,A",2,275,Hesse Grand Ducal,1816,1865,,,,
290,Poland,1,1,6,4,"Belyy Cheremosh, Stryy, San, Dunajec, Proprad, Olse",0,0,0,0,0,0,0,0,0,"B,B,B,B,B,A",2,315,Czechoslovakia,1919,1938,,,,
290,Poland,1,1,4,4,"Labe, Opava, Dunajec, Poprad","25, 15, 40, 25",105,"Wisla, Oder, Elbe","193000, 126000, 144500",463500,"175500, 103800, 800",280100,"2700, 9100, 49700",61500,"B,B,B,B",2,315,Czechoslovakia,1945,1992,,,,
290,Poland,1,1,2,4,"Labe, Opava","25, 15",40,"Oder, Elbe","126000, 144500",270500,"103800, 800",104600,"9100, 49700",588800,"B,B",2,316,The Czech Republic,1993,2016,,,,
290,Poland,1,1,2,4,"Dunajec, Poprad","40, 25",65,Wisla,193000,193000,175500,175500,2700,2700,"B,B",2,317,Slovakia,1993,2016,,,,
290,Poland,1,1,2,4,"Siret, Belyy Cheremosh",0,0,0,0,0,0,0,0,0,"A,A",1,360,Romania,1919,1938,,,,
290,Poland,1,1,4,4,"Disna, Berezing, Pripyat, Dnestr",0,0,0,0,0,0,0,0,0,"B,B,B,B",2,365,Russia (USSR),1919,1938,,,,
290,Poland,1,1,2,2,"Bug, San","265, 35",300,Wisla,193000,193000,175500,175500,14800,14800,B,2,365,Russia (USSR),1945,2016,,,,
290,Poland,1,1,1,2,Dvina,0,0,0,0,0,0,0,0,0,A,1,367,Latvia,1919,1938,,,,
290,Poland,1,1,3,4,"Neman, Vilnya, Disna",0,0,0,0,0,0,0,0,0,"A,A,B",1,368,Lithuania,1920,1938,,,,
290,Poland,1,1,1,1,Lyna,0,0,0,0,0,0,0,0,0,A,1,368,Lithuania,1991,2016,,,,
290,Poland,1,1,2,4,"Bug, San",0,0,0,0,0,0,0,0,0,"B,B",2,369,Ukraine,1991,2016,,,,
290,Poland,1,1,2,4,"Bug, Narew",0,0,0,0,0,0,0,0,0,"A,A",1,370,Belarus,1991,2016,,,,
300,Austria-Hungary,1,1,8,4,"Adige, Bacchiglione, Brenta, Cismon, Piave, Matisone, Iudrio, Isonzo",0,0,0,0,0,0,0,0,0,"A,A,A,A,A,A,A,A",1,325,Italy/Sardinia,1816,1917,,,,
300,Austria-Hungary,1,1,2,1,"Po, Po di Goro",0,0,Po,74300,74300,0,0,0,0,"A,A",1,327,Papal States,1816,1859,,,,
300,Austria-Hungary,1,1,1,3,Secchia,0,0,Po,74300,74300,0,0,0,0,B,2,332,Modena,1842,1859,,,,
300,Austria-Hungary,1,1,1,1,Po,0,0,Po,74300,74300,0,0,0,0,A,1,335,Parma,1851,1858,,,,
300,Austria-Hungary,1,1,4,4,"Donau, Sava, Una, Neretva",0,0,Donau,796250,796250,0,0,0,0,"A,A,B,B",3,345,Yugoslavia (Serbia),1878,1917,,,,
300,Austria-Hungary,1,1,12,4,"Retezatului, Gilart, Iltul, Arger, Dimbo, Buzau, Trotusul, Bistrita, Moldova, Siret, Suceava, Jijia",0,0,Donau,796250,796250,0,0,0,0,"A,A,A,A,A,A,A,A,A,A,A,A",1,360,Romania,1878,1917,,,,
300,Austria-Hungary,1,1,7,4,"Raba, Wista, Wistok, San, Dnestr, Zbruch, Belyy Cheremosh",0,0,Wista,193000,193000,0,0,0,0,"A,A,A,A,A,B,B",1,365,Russia (USSR),1816,1917,,,,
300,Austria-Hungary,1,1,19,4,"Jija, Suceava, Siret, Moldova, Ghcmalau, Bistrita, Trotusul, Buzau, Dimbo, Arges, Oltul, Gilort, Retezatului, Donau, Sava, Una, Korana, Neretva, Glina",0,0,Donau,796250,796250,0,0,0,0,"A,A,A,A,A,A,A,A,A,A,A,A,A,A,A,B,B,B,A",1,640,Turkey/Ottoman Empire,1816,1912,,,,
305,Austria,1,0,0,0,0,0,0,0,0,0,0,0,0,0,0,0,310,Hungary,1919,1937,,,,
305,Austria,1,0,0,0,0,0,0,0,0,0,0,0,0,0,0,0,310,Hungary,1955,2016,,,,
305,Austria,1,1,5,4,"Danube, Morava, Dyje, Luznice, Malse","10, 80, 15, 10, 20",135,"Donau, Elbe","796250, 144500",940750,"79549, 1400",80949,"66369, 49700",116069,"B,A",3,315,Czechoslovakia,1919,1937,,,,
305,Austria,1,1,5,4,"Danube, Morava, Dyje, Luznice, Malse","10, 80, 15, 10, 20",135,"Donau, Elbe","796250, 144500",940750,"79549, 1400",80949,"66369, 49700",116069,"B,A",3,315,Czechoslovakia,1955,1992,,,,
305,Austria,1,1,3,4,"Dyje, Luznice, Malse","10, 10, 20",40,"Donau, Elbe","796250, 144500",940750,"79549, 1400",80949,"66369, 49700",116069,"B,A",3,316,The Czech Republic,1993,2016,,,,
305,Austria,1,1,2,4,"Danube, Morava","10, 80",90,Donau,796250,796250,79549,79549,66369,66369,"A,B",3,317,Slovakia,1993,2016,,,,
305,Austria,1,0,0,0,0,0,0,0,0,0,0,0,0,0,0,0,325,Italy/Sardinia,1919,1937,,,,
305,Austria,1,0,0,0,0,0,0,0,0,0,0,0,0,0,0,0,325,Italy/Sardinia,1955,2016,,,,
305,Austria,1,1,1,2,Mura,35,35,Donau,796250,796250,79549,79549,179000,179000,A,1,345,Yugoslavia (Serbia),1919,1937,,,,
305,Austria,1,1,1,2,Mura,35,35,Donau,796250,796250,79549,79549,179000,179000,A,1,345,Yugoslavia (Serbia),1955,1991,,,,
305,Austria,1,1,1,2,Mura,35,35,Donau,796250,796250,0,0,0,0,A,1,349,Slovenia,1992,2016,,,,
310,Hungary,1,1,6,4,"Danube, Ipel, Sajò, Tisza, Tissa, Borshava","165, 120, 20",305,Donau,796250,796250,93030,93030,66369,66369,"B,B,B,B,B,B",2,315,Czechoslovakia,1919,1938,,,,
310,Hungary,1,1,3,4,"Danube, Ipel, Sajò ","165, 120, 20",305,Donau,796250,796250,93030,93030,66369,66369,"B,B,B",2,315,Czechoslovakia,1945,1992,,,,
310,Hungary,1,1,3,4,"Danube, Ipel, Sajò ","165, 120, 20",305,Donau,796250,796250,0,0,0,0,"B,B,B",2,317,Slovakia,1993,2016,,,,
310,Hungary,1,1,4,4,"Dràva, Mura, Danube, Tisza",0,0,Donau,796250,796250,0,0,0,0,"B,B,A,A",3,344,Croatia,1992,2016,,,,
310,Hungary,1,1,2,1,"Dràva, Mura","120, 40",160,Donau,796250,796250,93030,93030,179000,179000,"B,B",2,345,Yugoslavia (Serbia),1919,1940,,,,
310,Hungary,1,1,2,1,"Dràva, Mura","120, 40",160,Donau,796250,796250,93030,93030,179000,179000,"B,B",2,345,Yugoslavia (Serbia),1944,2016,,,,
310,Hungary,1,1,2,3,"Kerka, Zala",0,0,Donau,796250,796250,93030,93030,0,0,"B,B",2,349,Slovenia,1992,2016,,,,
310,Hungary,1,1,1,2,Maros,25,25,Donau,796250,796250,93030,93030,233000,233000,B,2,360,Romania,1919,2016,,,,
310,Hungary,1,1,1,2,Tisa,20,20,Donau,796250,796250,93030,93030,41500,41500,B,2,365,Russia (USSR),1939,1940,,,,
310,Hungary,1,1,1,2,Tisa,20,20,Donau,796250,796250,93030,93030,41500,41500,B,2,365,Russia (USSR),1944,1990,,,,
310,Hungary,1,1,1,2,Tisa,20,20,Donau,796250,796250,0,0,0,0,B,2,369,Ukraine,1991,2016,,,,
315,Czechoslovakia,1,1,1,2,Tisa,0,0,Donau,796250,796250,0,0,0,0,B,2,360,Romania,1918,1938,,,,
315,Czechoslovakia,1,0,0,0,0,0,0,0,0,0,0,0,0,0,0,0,365,Russia (USSR),1945,1990,,,,
315,Czechoslovakia,1,0,0,0,0,0,0,0,0,0,0,0,0,0,0,0,369,Ukraine,1991,1992,,,,
316,The Czech republic,1,1,1,1,Morova,0,0,0,0,0,0,0,0,0,A,1,317,Slovakia,1993,2016,,,,
317,Slovakia,1,0,0,0,0,0,0,0,0,0,0,0,0,0,0,0,369,Ukraine,1993,2016,,,,
325,Italy/Sardinia,1,1,6,4,"Tronto, Valino, Salto, Turano, Liri, Sacco",0,0,0,0,0,0,0,0,0,"B,B,B,A,B,A",2,329,Two Sicilies,1860,1860,,,,
325,Italy/Sardinia,1,0,0,0,0,0,0,0,0,0,0,0,0,0,0,0,331,San Marino,1992,2016,,,,
325,Italy/Sardinia,1,1,2,4,"Vara, Magra",0,0,0,0,0,0,0,0,0,"A,B",3,332,Modena,1842,1859,,,,
325,Italy/Sardinia,1,1,3,4,"Tidone, Trebbia, Taro",0,0,Po,74300,74300,0,0,0,0,"A,A,B",1,335,Parma,1851,1859,,,,
325,Italy/Sardinia,1,1,1,2,Idrija,20,20,Isonzo,2800,2800,1350,1350,1450,1450,B,2,345,Yugoslavia (Serbia),1918,1940,,,,
325,Italy/Sardinia,1,1,1,2,Idrija,20,20,Isonzo,2800,2800,1350,1350,1450,1450,B,2,345,Yugoslavia (Serbia),1944,1991,,,,
325,Italy/Sardinia,1,1,1,2,Idrija,20,20,Isonzo,2800,2800,1350,1350,1450,1450,B,2,349,Slovenia,1992,2016,,,,
327,Papal States,1,1,4,4,"Tronto, Velino, Liri, Sacco",0,0,0,0,0,0,0,0,0,"B,B,B,A",2,329,Two Sicilies,1816,1859,,,,
327,Papal States,1,1,1,3,Panaro,0,0,Po,74300,74300,0,0,0,0,B,2,332,Modena,1842,1859,,,,
327,Papal States,1,1,14,4,"Reno, Savena, Idice, Sillaro, Santerno, Senio, Lamone, Fogiia, Marecchia, Tiberina, Nestore, Niccone, Paglia, Fiora",0,0,0,0,0,0,0,0,0,"B,B,B,B,B,B,B,B,B,B,B,B,B,B",2,337,Tuscany,1816,1859,,,,
332,Modena,1,1,1,1,Enza,0,0,0,0,0,0,0,0,0,A,1,335,Parma,1851,1859,,,,
332,Modena,1,0,0,0,0,0,0,0,0,0,0,0,0,0,0,0,337,Tuscany,1842,1859,,,,
339,Albania,1,1,1,2,Drin-i-zi,0,0,Drin,17100,17100,7600,7600,9500,9500,B,2,343,Macedonia,1993,2016,,,,
339,Albania,1,1,2,2,"Drin-i-zi, Boyana","10, 20",30,Drin,17100,17100,7600,7600,9500,9500,"B,B",2,345,Yugoslavia (Serbia),1914,1938,,,,
339,Albania,1,1,2,2,"Drin-i-zi, Boyana","10, 20",30,Drin,17100,17100,7600,7600,9500,9500,"B,B",2,345,Yugoslavia (Serbia),1944,2016,,,,
339,Albania,1,1,1,3,Vijosë,10,10,Vijosë,6900,6900,5100,5100,1800,1800,B,2,350,Greece,1914,1938,,,,
339,Albania,1,1,1,3,Vijosë,10,10,Vijosë,6900,6900,5100,5100,1800,1800,B,2,350,Greece,1944,2016,,,,
343,Macedonia,1,1,2,4,"Pcinja, Vardar",0,0,0,0,0,0,0,0,0,"B,B",2,345,Yugoslavia (Serbia),1993,2016,,,,
343,Macedonia,1,1,2,3,"Vardar, Mikrà Prèspa",0,0,0,0,0,0,0,0,0,"B,A",3,350,Greece,1993,2016,,,,
343,Macedonia,1,1,1,3,Strumitsa,0,0,0,0,0,0,0,0,0,A,1,355,Bulgaria,1993,2016,,,,
344,Kroatia,1,1,2,4,"Danube, Bosut",0,0,0,0,0,0,0,0,0,"A,A",1,345,Yugoslavia (Serbia),1992,2016,,,,
344,Kroatia,1,1,5,4,"Sava, Una, Glina, Korana, Neretva",0,0,0,0,0,0,0,0,0,"A,B,B,A,B",2,346,Bosnia-Hercegovina,1992,2016,,,,
344,Kroatia,1,1,5,4,"Drava, Mura, Kupa, Sava, Sutla",0,0,0,0,0,0,0,0,0,"B,B,A,B,A",2,349,Slovenia,1992,2016,,,,
345,Yugoslavia (Serbia),1,1,5,4,"Drina, Lim, Cehotina, Tara, Priva",0,0,0,0,0,0,0,0,0,"B,A,A,A,A",1,346,Bosnia-Hercegovina,1992,2016,,,,
345,Yugoslavia (Serbia),1,0,0,0,0,0,0,0,0,0,0,0,0,0,0,0,350,Greece,1913,1940,,,,
345,Yugoslavia (Serbia),1,0,0,0,0,0,0,0,0,0,0,0,0,0,0,0,350,Greece,1944,1992,,,,
345,Yugoslavia (Serbia),1,1,1,2,Timok,20,20,Donau,796250,796250,179000,179000,42500,42500,A,1,355,Bulgaria,1908,1940,,,,
345,Yugoslavia (Serbia),1,1,1,2,Timok,20,20,Donau,796250,796250,179000,179000,42500,42500,A,1,355,Bulgaria,1944,2016,,,,
345,Yugoslavia (Serbia),1,1,1,2,Donau,240,240,Donau,796250,796250,179000,179000,233000,233000,A,1,360,Romania,1878,1940,,,,
345,Yugoslavia (Serbia),1,1,1,2,Donau,240,240,Donau,796250,796250,179000,179000,233000,233000,A,1,360,Romania,1944,2016,,,,
345,Yugoslavia (Serbia),1,1,4,4,"Drina, Uvac, Lim, Ibar ",0,0,"Donau, ",796250,796250,0,0,0,0,"B,A,A,B",3,640,Turkey/Ottoman Empire,1878,1912,,,,
350,Greece,1,1,3,2,"Dospat, Maritsa","10, 15",25,"Nestos, Maritsa","8000, 56000",64000,"3600, 8700",12300,"4400, 32700",37100,"B,B",2,355,Bulgaria,1913,1940,,,,
350,Greece,1,1,2,2,"Dospat, Maritsa","10, 15",25,"Nestos, Maritsa","8000, 56000",64000,"3600, 8700",12300,"4400, 32700",37100,"B,B",2,355,Bulgaria,1944,2016,,,,
350,Greece,1,1,1,1,Maritsa,170,170,Maritsa,56000,56000,3600,3600,14600,14600,A,1,640,Turkey/Ottoman Empire,1828,1912,,,,
350,Greece,1,1,1,1,Maritsa,170,170,Maritsa,56000,56000,3600,3600,14600,14600,A,1,640,Turkey/Ottoman Empire,1919,1940,,,,
350,Greece,1,1,1,1,Maritsa,170,170,Maritsa,56000,56000,3600,3600,14600,14600,A,1,640,Turkey/Ottoman Empire,1944,2016,,,,
352,Kypros,1,0,0,0,0,0,0,0,0,0,0,0,0,0,0,0,640,Turkey/Ottoman Empire,1974,2016,,,,
355,Bulgaria,1,1,1,1,Donau,465,465,Donau,796250,796250,42500,42500,233000,233000,B,2,360,Romania,1908,2016,,,,
355,Bulgaria,1,1,2,4,"Tundzha, Rezvaya","15, 60",75,"Maritsa, Rezvaya","56000, 1100",57100,"32700, 300",33000,"14600, 800",15400,"A,B",3,640,Turkey/Ottoman Empire,1908,2016,,,,
359,Moldova,1,1,1,1,Prut,0,0,Donau,796250,796250,0,0,0,0,A,1,360,Romania,1991,2016,,,,
359,Moldova,1,1,4,4,"Dnestr, Kuchurgan, Kogilnik, Yalpug",0,0,0,0,0,0,0,0,0,"B,B,A,A",3,369,Ukraine,1991,2016,,,,
360,Romania,1,1,1,2,Dnestr,0,0,0,0,0,0,0,0,0,B,2,365,Russia (USSR),1878,1940,,,,
360,Romania,1,1,3,1,"Chilia, Tisa, Prut","165, 55, 435",655,Donau,796250,796250,233000,233000,41500,41500,"A,A,A",1,365,Russia (USSR),1944,1990,,,,
360,Romania,1,1,2,4,"Tisa, Prut",0,0,Donau,796250,796250,0,0,0,0,"A,A",1,369,Ukraine,1991,2016,,,,
360,Romania,1,1,3,4,"Arda, Maritsa, Thundzha",0,0,Maritsa,56000,56000,0,0,0,0,"A,A,A",1,640,Turkey/Ottoman Empire,1878,1907,,,,
365,Russia (USSR),1,1,2,4,"Narva, Pimza jògt",0,0,0,0,0,0,0,0,0,"A,B",3,366,Estonia,1918,1939,,,,
365,Russia (USSR),1,1,2,4,"Narva, Pimza jògt",0,0,0,0,0,0,0,0,0,"A,B",3,366,Estonia,1991,2016,,,,
365,Russia (USSR),1,1,2,4,"Kuhva, Sinjaja",0,0,0,0,0,0,0,0,0,"B,B",2,367,Latvia,1918,1939,,,,
365,Russia (USSR),1,1,2,4,"Kuhva, Sinjaja",0,0,0,0,0,0,0,0,0,"B,B",2,367,Latvia,1991,2016,,,,
365,Russia (USSR),1,1,3,4,"Neman, Vilnya, Disna",0,0,0,0,0,0,0,0,0,"A,A,A",1,368,Lithuania,1918,1919,,,,
365,Russia (USSR),1,1,3,4,"Neman, Vilnya, Disna",0,0,0,0,0,0,0,0,0,"A,A,A",1,368,Lithuania,1939,1939,,,,
365,Russia (USSR),1,1,3,4,"Neman, Vilnya, Disna",0,0,0,0,0,0,0,0,0,"A,A,A",1,368,Lithuania,1991,2016,,,,
365,Russia (USSR),1,1,20,4,"Styr, Goryn, Stviga, Ubort, Stokhad, Slovechna, Zhelon, Pripyat, Dnepr, Sozh, Snov, Desna, Seym, Vorskla, Donets, Oskol, Aydar, Derkul, Sev. Donets, Mius",0,0,0,0,0,0,0,0,0,"B,B,B,B,B,B,B,B,A,A,A,A,A,A,A,A,A,B,B,B",2,369,Ukraine,1991,2016,,,,
365,Russia (USSR),1,1,11,4,"Velikaya, Drissa, Obol, Mezha, Lovat, Gobza, Dnepr, Sozh, Besed, Iput, Oster ",0,0,0,0,0,0,0,0,0,"A,A,A,A,A,A,A,A,A,B,A",1,370,Belarus,1991,2016,,,,
365,Russia (USSR),1,1,3,4,"Terek, Argun, Andiyskoye",0,0,0,0,0,0,0,0,0,"B,B,B",2,372,Georgia,1991,2016,,,,
365,Russia (USSR),1,1,1,1,Samur,0,0,0,0,0,0,0,0,0,A,1,373,Azerbaijan,1991,2016,,,,
365,Russia (USSR),1,0,0,0,0,0,0,0,0,0,0,0,0,0,0,0,375,Finland,1917,2016,,,,
365,Russia (USSR),1,0,0,0,0,0,0,0,0,0,0,0,0,0,0,0,380,Sweden,1816,1916,,,,
365,Russia (USSR),1,1,2,4,"Passvik, Jakobselv","105, 40",145,"Pasvikelva, Jakobselva","19300, 240",19540,"1500, 80",1580,"3300, 160",3460,"B,B",2,385,Norway,1905,1916,,,,
365,Russia (USSR),1,1,2,4,"Passvik, Jakobselv","105, 40",145,"Pasvikelva, Jakobselva","19300, 240",19540,"1500, 80",1580,"3300, 160",3460,"B,B",2,385,Norway,1947,2016,,,,
365,Russia (USSR),1,1,6,4,"Arkas, Bolgar, Atrak, Chandyr, Tedzhen, Sumbar ",0,0,Atrek,6100,6100,20000,20000,41000,41000,"A,B,A,B,A,A",1,630,Iran (Persia),1855,1990,,,,
365,Russia (USSR),1,1,5,4,"Goruh, Kora, Arpa, Aras, Arpilich",0,0,Coruh,21000,21000,1700,1700,19300,19300,"B,B,B,B,A",2,640,Turkey/Ottoman Empire,1816,1990,,,,
365,Russia (USSR),1,1,6,4,"Kushka, Murghab, Qaisar, Pyandzh, Famir, Okstu",0,0,Murgab,73000,73000,43000,43000,30000,30000,"B,B,A,B,A,B",2,700,Afghanistan,1920,1990,,,,
365,Russia (USSR),1,1,12,4,"Malyy Uzen, Bol Uzen, Chagan, Salmysh, Mal Uzen, Bol Uzen, Ural, Ilek, Tobol, Uy, Aley, Bol Irgiz",0,0,0,0,0,0,0,0,0,"B,B,A,A,B,A,A,A,A,A,A,B",1,705,Kazakhstan,1991,2016,,,,
365,Russia (USSR),1,1,14,4,"Gaya He, Suifen He, Muling He, Songacha He, Ussuri, Amur, Kaba He, Ertix He, Emin He, Ili He, Tekes He, Aksu He, Toxkan He, Kaxgar He",0,0,Ili,176000,176000,111000,111000,65000,65000,"B,B,B,A,BA,A,B,B,B,A,A,A,A",3,710,China,1860,2016,,,,
365,Russia (USSR),1,1,6,4,"Onon Gol, Menza, Chikov, Orhon Gol, Shishhid Gol, Tesin Gol",0,0,0,0,0,0,0,0,0,"B,B,A,B,B,B",2,712,Mongolia,1921,2016,,,,
365,Russia (USSR),1,1,1,1,Gaya He,0,0,0,0,0,0,0,0,0,B,2,730,Korea,1888,1904,,,,
365,Russia (USSR),1,1,1,1,Gaya He,0,0,0,0,0,0,0,0,0,B,2,731,"Korea, Dem. People's Rep.",1948,2016,,,,
366,Estonia,1,1,1,1,Gauja,0,0,0,0,0,0,0,0,0,B,2,367,Latvia,1918,1939,,,,
366,Estonia,1,1,1,1,Gauja,0,0,0,0,0,0,0,0,0,B,2,367,Latvia,1991,2016,,,,
367,Latvia,1,1,2,4,"Venta, Lielupe",0,0,0,0,0,0,0,0,0,"B,B",2,368,Lithuania,1918,1939,,,,
367,Latvia,1,1,2,4,"Venta, Lielupe",0,0,0,0,0,0,0,0,0,"B,B",2,368,Lithuania,1991,2016,,,,
367,Latvia,1,1,1,2,Dvina,0,0,0,0,0,0,0,0,0,B,2,370,Belarus,1991,2016,,,,
368,Lithuania,1,1,3,4,"Disna, Vilnya, Neman",0,0,0,0,0,0,0,0,0,"A,B,B",2,370,Belarus,1991,2016,,,,
369,Ukraine,1,1,8,4,"Pripyat, Styr, Goryn, Stiga, Ubort, Slovechna, Zhelon, Dnepr",0,0,0,0,0,0,0,0,0,"B,B,B,B,B,B,B,B",2,370,Belarus,1991,2016,,,,
371,Armenia,1,1,1,2,Debet,0,0,0,0,0,0,0,0,0,A,1,372,Georgia,1991,2016,,,,
371,Armenia,1,1,2,4,"Vorotan, Dzegam",0,0,0,0,0,0,0,0,0,"B,B",2,373,Azerbaijan,1991,2016,,,,
371,Armenia,1,1,1,1,Araks,0,0,0,0,0,0,0,0,0,A,1,630,Iran (Persia),1991,2016,,,,
371,Armenia,1,1,2,1,"Araks, Arpa",0,0,0,0,0,0,0,0,0,"B,B",2,640,Turkey/Ottoman Empire,1991,2016,,,,
372,Georgia,1,1,3,4,"Alazani, Iora, Kura",0,0,0,0,0,0,0,0,0,"A,A,A",1,373,Azerbaijan,1991,2016,,,,
372,Georgia,1,1,2,4,"Kora, Coruh",0,0,0,0,0,0,0,0,0,"B,B",2,640,Turkey/Ottoman Empire,1991,2016,,,,
373,Azerbaijan,1,1,2,4,"Araks, Bolgar",0,0,0,0,0,0,0,0,0,"B,B",2,630,Iran (Persia),1991,2016,,,,
373,Azerbaijan,1,0,0,0,0,0,0,0,0,0,0,0,0,0,0,0,640,Turkey/Ottoman Empire,1991,2016,,,,
375,Finland,1,1,3,1,"Torne, Muonio, Konkämä","175, 240, 110",525,Torne,32400,32400,9500,9500,22900,22900," B,B,B",2,380,Sweden,1917,2016,,,,
375,Finland,1,1,3,1,"Tana,  Skiehccanjohka, Anàrjohka","140, 60, 80",280,Tana ,13000,13000,6100,6100,6900,6900,"B,B,B",2,385,Norway,1917,1939,,,,
375,Finland,1,1,3,1,"Tana,  Skiehccanjohka, Anàrjohka","140, 60, 80",280,Tana,13000,13000,6100,6100,6900,6900,"B,B,B",2,385,Norway,1945,2016,,,,
380,Sweden,1,0,0,0,0,0,0,0,0,0,0,0,0,0,0,0,385,Norway,1905,1939,,,,
380,Sweden,1,0,0,0,0,0,0,0,0,0,0,0,0,0,0,0,385,Norway,1945,2016,,,,
404,Guinea-Bissau,1,0,0,0,0,0,0,0,0,0,0,0,0,0,0,0,433,Senegal,1974,2016,,,,
404,Guinea-Bissau,1,1,1,2,Corubal,40,40,Corubal,22000,22000,8000,8000,14000,14000,B,2,438,Guinea,1974,2016,,,,
411,Equatorial Guinea,1,1,1,1,Ntem,55,55,Ntem,33000,33000,5000,5000,9000,9000,A,1,471,Cameroon,1968,2016,,,,
411,Equatorial Guinea,1,1,3,4,"Woleu, Utamboni, Kye","10, 10, 65",85,"Benito, Utamboni, Ntem","15900, 12800, 33000",61700,"14000, 7000, 5000",26000,"1900, 5800, 9000",16700,"B,A,A",1,481,Gabon,1968,2016,,,,
420,Gambia,1,0,0,0,0,0,0,0,0,0,0,0,0,0,0,0,433,Senegal,1965,2016,,,,
432,Mali,1,1,1,1,Falèmè,210,210,Senegal,353000,353000,163000,163000,64000,64000,A,1,433,Senegal,1960,2016,,,,
432,Mali,1,1,3,4,"Senegal, Karakoro, Kolimbine","20, 110, 60",190,Senegal,353000,353000,163000,163000,93000,93000,"A,B,B",2,435,Mauritania,1960,2016,,,,
432,Mali,1,0,0,0,0,0,0,0,0,0,0,0,0,0,0,0,436,Niger,1960,2016,,,,
432,Mali,1,1,2,2,"Bagoè, Kankèlaba","40, 20",60,Niger,2200000,2200000,620000,620000,25000,25000,"B,B",2,437,Ivory Coast,1960,2016,,,,
432,Mali,1,1,5,4,"Sankarani, Bafing, Falèmè, Bakoy, Bakoy","80, 50, 50, 35, 40",255,"Niger, Senegal","2200000, 353000",2553000,"620000, 163000",783000,"95000, 33000",128000,"B,B,B,B,B",2,438,Guinea,1960,2016,,,,
432,Mali,1,0,0,0,0,0,0,0,0,0,0,0,0,0,0,0,439,Burkina Faso (Upper Volta),1960,2016,,,,
432,Mali,1,1,1,2,Akantarer,110,110,Niger,2200000,2200000,620000,620000,148300,148300,B,2,615,Algeria,1962,2016,,,,
433,Senegal,1,1,1,1,Senegal,650,650,Senegal,353000,353000,64000,64000,93000,93000,A,1,435,Mauritania,1960,2016,,,,
433,Senegal,1,0,0,0,0,0,0,0,0,0,0,0,0,0,0,0,438,Guinea,1960,2016,,,,
434,Benin/Dahomey,1,1,1,1,Niger/Mekrou,215,215,Niger,2200000,2200000,50000,50000,490000,490000,B,2,436,Niger,1960,2016,,,,
434,Benin/Dahomey,1,1,2,4,"Mekrou, Pendjari","45, 205",250,"Niger, Volta","2200000, 379000",2579000,"50000, 10500",60500,"81700, 172500",254200,"A,A",1,439,Burkina Faso (Upper Volta),1960,2016,,,,
434,Benin/Dahomey,1,1,2,2,"Pendjari, Mono","15, 90",105,"Volta, Mono","379000, 25600",404600,"10500, 3800",14300,"19000, 21800",40800,"A,B",3,461,Togo,1960,2016,,,,
434,Benin/Dahomey,1,1,1,1,Okpara,155,155,Ouèmè,45500,45500,40500,40500,2500,2500,A,1,475,Nigeria,1960,2016,,,,
435,Mauritania,1,0,0,0,0,0,0,0,0,0,0,0,0,0,0,0,600,Marokko,1976,2016,,,,
435,Mauritania,1,0,0,0,0,0,0,0,0,0,0,0,0,0,0,0,615,Algeria,1962,2016,,,,
436,Niger,1,1,1,2,Tapoa,20,20,Niger,2200000,2200000,490000,490000,81700,81700,A,1,439,Burkina Faso (Upper Volta),1960,2016,,,,
436,Niger,1,1,1,1,Kamadongou Yobe,220,220,Lake Chad,1910000,1910000,416000,416000,176000,176000,B,2,475,Nigeria,1960,2016,,,,
436,Niger,1,0,0,0,0,0,0,0,0,0,0,0,0,0,0,0,483,Chad,1960,2016,,,,
436,Niger,1,0,0,0,0,0,0,0,0,0,0,0,0,0,0,0,615,Algeria,1962,2016,,,,
436,Niger,1,0,0,0,0,0,0,0,0,0,0,0,0,0,0,0,620,Libya,1960,2016,,,,
437,Ivory Coast,1,1,3,1,"Gbanhala, Bagbè, Boa","115, 85, 15",215,"Niger, Sassandra","2200000, 77500",2277500,"25000, 70000",95000,"95000, 7500",102500,"B,B,B",2,438,Guinea,1960,2016,,,,
437,Ivory Coast,1,1,1,1,Lèraba,235,235,Komoè,75000,75000,55000,55000,20000,20000,B,2,439,Burkina Faso (Upper Volta),1960,2016,,,,
437,Ivory Coast,1,1,3,2,"Cestos, Nuon, Cavally","15, 100, 370",485,"Cestos, Cavally","125000, 23500",148500,"2500, 12500",15000,"9400, 9000",18400,"B,A,B",2,450,Liberia,1960,2016,,,,
437,Ivory Coast,1,1,2,1,"Black Volta, Tano","90, 80",170,"Volta, Tano","379000, 14000",393000,"13000, 2000",15000,"159000, 12000",171000,"B,B",2,452,Ghana,1960,2016,,,,
438,Guinea,1,1,3,2,"St. Paul, Oulè, St. John(Mani)","70, 30, 95",195,"St. Paul, St.John","18000, 13500",31500,"6000, 13500",19500,"12000, 11000",23000,"A,A,A",1,450,Liberia,1958,2016,,,,
438,Guinea,1,1,4,1,"Meli, Moa, Great Scarcies","100, 70, 90",260,"Moa, Great Scarcies","20000, 8500",28500,"10500, 6000 ",16500,"8800, 2500",11300,"A,A",1,451,Sierra Leone,1961,2016,,,,
439,BurChina Faso (Upper Volta),1,1,1,2,Black Volta,185,185,Volta,379000,379000,172500,172500,159000,159000,B,2,452,Ghana,1960,2016,,,,
439,BurChina Faso (Upper Volta),1,0,0,0,0,0,0,0,0,0,0,0,0,0,0,0,461,Togo,1960,2016,,,,
450,Liberia,1,1,4,4,"Moa, Bwedy, Mano, Marro","60, 30, 90, 85",265,"Moa, Mano-Morro","20000, 10000",30000,"700, 7500",8200,"8800, 2500",11300,"A,A,A,A",1,451,Sierra Leone,1961,2016,,,,
452,Ghana,1,1,2,2,"Oti, Mo","140, 20",160,Volta,379000,379000,159000,159000,19000,19000,"B,B",2,461,Togo,1960,2016,,,,
471,Cameroon,1,1,8,4,"Donga, Deo, El Beid, Katia, Cross, Katsina, Awa, Akpa","65, 60, 110, 55, 15,  60, 60",425,"Niger, Lake Chad, Cross","2200000, 1910000, 57000",4167000,"90000, 53020, 12000",155020,"580000, 176000, 45000",801000,"B,A,A,A,A,A,A,B",1,475,Nigeria,1960,2016,,,,
471,Cameroon,1,1,4,1,"Aïna, Ntem, Kom, Kye","100, 35, 70, 15",220,"Ogoouè, Ntem","220700, 33000",253700,"4400, 19000",23400,"19300, 9000",28300,"A,B,A,B",3,481,Gabon,1960,2016,,,,
471,Cameroon,1,1,4,4,"Sangha, Mbere, Boumbe II, Kadeï ","85, 30, 170, 85",370,"Lake Chad, Zaire (Congo, Kinshasa)/Congo ","1910000, 3720000",5630000,"53020, 98900",151920,"214980, 408000",622980,"A,A,B,B",3,482,Central African Republic,1960,2016,,,,
471,Cameroon,1,1,4,4,"Logone, Mbere, Wina, Chari","305, 50, 10, 110",475,Lake Chad,1910000,1910000,53020,53020,950000,950000,"A,A,A,B",1,483,Chad,1960,2016,,,,
471,Cameroon,1,1,2,1,"Ngoko og Dja, Sangha","250, 85",335,"Zaire (Congo, Kinshasa)/Congo  ",3720002,3720002,98900,98900,255000,255000,"A,A",1,484,Congo,1960,2016,,,,
481,Gabon,1,1,5,4,"Djouah, Aïna, Nyanga, Ogooue, N`Goume","130, 130, 50, 85, 70",465,"Ogoouè, Nyanga","220700, 26000",246700,"195000, 18000",213000,"19300, 8000",27300,"B,A,A,B,A",1,484,Congo,1960,2016,,,,
482,Central African Republic,1,1,5,4,"Bahr Aouk, Bamingui, Nya, Lagone Oriental, Nanai Barya","610, 145, 25, 20, 115",915,Lake Chad,1910000,1910000,214980,214980,950000,950000,"B,A,A,A,A",1,483,Chad,1960,2016,,,,
482,Central African Republic,1,0,0,0,0,0,0,0,0,0,0,0,0,0,0,0,484,Congo,1960,2016,,,,
482,Central African Republic,1,1,2,1,"Oubangui, Bomu","600, 730",1330,"Zaire (Congo, Kinshasa)/Congo  ",3720000,3720000,408000,408000,2310000,2310000,"B,A",3,490,"Zaire (Congo, Kinshasa)",1960,2016,,,,
482,Central African Republic,1,0,0,0,0,0,0,0,0,0,0,0,0,0,0,0,625,Sudan,1960,2016,,,,
483,Chad,1,0,0,0,0,0,0,0,0,0,0,0,0,0,0,0,620,Libya,1960,2016,,,,
483,Chad,1,1,1,1,W. Kaja,145,145,Lake Chad,1910000,1910000,950000,950000,100000,100000,B,2,625,Sudan,1960,2016,,,,
484,Congo,1,1,3,1,"Zaire (Congo, Kinshasa), Oubangui, Chiloango","675, 480, 30",1185,"Zaire (Congo, Kinshasa)/Congo, Chiloango  ","3720000, 11000",3731000,"255000, 1200",256200,"2310000, 6800",2316800,"B,B,B",2,490,"Zaire (Congo, Kinshasa)",1960,2016,,,,
484,Congo,1,0,0,0,0,0,0,0,0,0,0,0,0,0,0,0,540,Angola,1975,2016,,,,
490,"Zaire (Congo, Kinshasa)",1,1,2,1,"Semliki, Ishasha","125, 50",175,Nilen,3030700,3030700,23000,23000,232700,232700,"A,A",1,500,Uganda,1962,2016,,,,
490,"Zaire (Congo, Kinshasa)",1,1,1,1,Ruzizi,80,80,"Zaire (Congo, Kinshasa)/Congo  ",3720000,3720000,2310000,2310000,13300,13300,A,1,516,Burundi,1962,2016,,,,
490,"Zaire (Congo, Kinshasa)",1,1,1,1,Ruzizi,35,35,"Zaire (Congo, Kinshasa)/Congo  ",3720000,3720000,2310000,2310000,4800,4800,A,1,517,Rwanda,1962,2016,,,,
490,"Zaire (Congo, Kinshasa)",1,1,8,4,"Zaire (Congo, Kinshasa), Kasai, Chicapa,Lovuà, Loange, Kwango, Kwilu, Kwenge","125, 480, 40, 10, 50, 325, 45, 15 ",1090,"Zaire (Congo, Kinshasa)/Congo  ",3720000,3720000,2310000,2310000,285000,285000,"A,B,B,B,B,B,B,B",2,540,Angola,1975,2016,,,,
490,"Zaire (Congo, Kinshasa)",1,1,1,1,Luapula,510,510,"Zaire (Congo, Kinshasa)/Congo  ",3720000,3720000,2310000,2310000,175000,175000,A,1,551,Zambia,1964,2016,,,,
490,"Zaire (Congo, Kinshasa)",1,0,0,0,0,0,0,0,0,0,0,0,0,0,0,0,625,Sudan,1960,2016,,,,
500,Uganda,1,1,1,2,Suam,25,25,Lake Rudolf/ Lake Turkana,203300,203300,3300,3300,106700,106700,A,1,501,Kenya,1963,2016,,,,
500,Uganda,1,1,1,1,Kagera,30,30,Nilen,3030700,3030700,232700,232700,116000,116000,A,1,510,Tanzania,1962,2016,,,,
500,Uganda,1,0,0,0,0,0,0,0,0,0,0,0,0,0,0,0,517,Rwanda,1962,2016,,,,
500,Uganda,1,0,0,0,0,0,0,0,0,0,0,0,0,0,0,0,625,Sudan,1962,2016,,,,
501,Kenya,1,0,0,0,0,0,0,0,0,0,0,0,0,0,0,0,510,Tanzania,1963,2016,,,,
501,Kenya,1,0,0,0,0,0,0,0,0,0,0,0,0,0,0,0,520,Somalia,1963,2016,,,,
501,Kenya,1,1,1,1,Dawa Wenz,145,145,Juba-Shibeli,766500,766500,197000,197000,333500,333500,B,2,530,Ethiopia,1963,2016,,,,
501,Kenya,1,0,0,0,0,0,0,0,0,0,0,0,0,0,0,0,625,Sudan,1963,2016,,,,
510,Tanzania,1,1,2,4,"Ruvuvu, Malagarasi","45, 155",200,"Nilen, Zaire (Congo, Kinshasa)/Conga","3030700, 3720000",6750700,"116000, 170000",286000,"14500, 13300",27800,"A,A",1,516,Burundi,1962,2016,,,,
510,Tanzania,1,1,1,1,Kagera,200,200,Nilen,3030700,3030700,116000,116000,21500,21500,B,2,517,Rwanda,1962,2016,,,,
510,Tanzania,1,1,1,1,Ruvuma,680,680,Ruvuma,166500,166500,60000,60000,103000,103000,B,2,541,Mozambique,1975,2016,,,,
510,Tanzania,1,0,0,0,0,0,0,0,0,0,0,0,0,0,0,0,551,Zambia,1964,2016,,,,
510,Tanzania,1,1,1,1,Songwe,110,10,Zambezi,1419960,1419960,28000,28000,110000,110000,A,1,553,Malawi,1964,2016,,,,
516,Burundi,1,1,2,1,"Kagera, Akanyaru","30, 110",140,Nilen,3030700,3030700,14500,14500,21500,21500,"B,B",2,517,Rwanda,1962,2016,,,,
520,Somalia,1,0,0,0,0,0,0,0,0,0,0,0,0,0,0,0,522,Djibouti,1977,2016,,,,
520,Somalia,1,1,1,2,Dawa Wenz,35,35,Juba-Shibeli,766500,766500,236000,236000,333500,333500,B,2,530,Ethiopia,1960,2016,,,,
522,Djibouti,1,0,0,0,0,0,0,0,0,0,0,0,0,0,0,0,530,Ethiopia,1977,2016,,,,
522,Djibouti,1,0,0,0,0,0,0,0,0,0,0,0,0,0,0,0,531,Eritrea,1993,2016,,,,
530,Ethiopia,1,0,0,0,0,0,0,0,0,0,0,0,0,0,0,0,531,Eritrea,1993,2016,,,,
530,Ethiopia,1,1,4,4,"Baro, Akobo, Kabish, Baraka","120, 400, 55, 30",605,"Nilen, Lake-Rudolf/Lake Turkana, Baraka","3030700, 203300, 66200",3300200,"368000, 86600, 43700",498300,"1900000, 6700, 22500",1929200,"A,A,A,A",1,625,Sudan,1956,2016,,,,
531,Eritrea,1,0,0,0,0,0,0,0,0,0,0,0,0,0,0,0,625,Sudan,1993,2016,,,,
540,Angola,1,1,1,2,Manyinga,105,105,Zambezi,260000,260000,577600,577600,577600,577600,A,1,551,Zambia,1975,2016,,,,
540,Angola,1,1,2,4,"Kunene, Okavango","305, 350",655,"Kunene, Okavango",112000,112000,101000,101000,11000,11000,"A,A",1,565,Namibia,1990,2016,,,,
541,Mozambique,1,1,1,2,Luangwa,70,70,Zambezi,260000,260000,161000,161000,577600,577600,B,2,551,Zambia,1975,2016,,,,
541,Mozambique,1,1,4,2,"Luenha, Mazoe, Mkumbura, Pembi","110, 20, 120, 25",275,"Zambezi, Save","260000, 103000",363000,"161000, 30000",191000,"226360, 73000",299360,"B,B,B,B",2,552,Zimbabwe,1975,2016,,,,
541,Mozambique,1,1,2,2,"Shire, Mulosa","70, 115",185,Zambezi,260000,260000,161000,161000,110000,110000,"B,B",2,553,Malawi,1975,2016,,,,
541,Mozambique,1,1,1,2,Maputo,25,25,Maputo,33963,33963,5600,5600,18500,18500,B,2,560,South Africa,1975,2016,,,,
541,Mozambique,1,0,0,0,0,0,0,0,0,0,0,0,0,0,0,0,572,Swaziland,1975,2016,,,,
551,Zambia,1,1,1,1,Zambezi,720,720,Zambezi,260000,260000,577600,577600,226360,226360,A,1,552,Zimbabwe,1966,2016,,,,
551,Zambia,1,0,0,0,0,0,0,0,0,0,0,0,0,0,0,0,553,Malawi,1964,2016,,,,
551,Zambia,1,1,1,1,Zambezi,130,130,Zambezi,260000,260000,577600,577600,17000,17000,A,1,565,Namibia,1990,2016,,,,
551,Zambia,1,1,1,1,Zambezi,15,15,Zambezi,260000,260000,577600,577600,40000,40000,A,1,571,Botswana,1966,2016,,,,
552,Zimbabwe,1,1,1,1,Limpopo,220,220,Limpopo,385000,385000,61000,61000,180000,180000,B,2,560,South Africa,1966,2016,,,,
552,Zimbabwe,1,1,1,1,Sashe,260,260,Limpopo,385000,385000,61000,61000,180000,180000,B,2,571,Botswana,1966,2016,,,,
560,South Africa,1,1,1,1,Orange,560,560,Orange,950000,950000,570145,570145,250000,250000,A,1,565,Namibia,1990,2016,,,,
560,South Africa,1,1,2,4,"Orange, Caledon","100, 255",355,Orange,950000,950000,570145,570145,30355,30355,"B,B",2,570,Lesotho,1966,2016,,,,
560,South Africa,1,1,5,1,"Nossob, Molopo, Limpopo, Marico, Notwani","310, 640, 425, 70, 40",1485,"Orange,  Limpopo","950000, 385000",1335000,"570145, 180000",750145,"99500, 73000",172500,"B,A,B,A,A",1,571,Botswana,1966,2016,,,,
560,South Africa,1,1,1,2,Maputo,15,15,Maputo,33963,33963,18500,18500,9863,9863,B,2,572,Swaziland,1968,2016,,,,
565,Namibia,1,1,1,1,Chobe,275,275,Zambezi,260000,260000,17000,17000,40000,40000,A,1,571,Botswana,1990,2016,,,,
600,Morocco,1,1,1,2,Dra,375,375,Dra,80500,80500,68000,68000,12500,12500,A,1,615,Algeria,1962,2016,,,,
615,Algeria,1,0,0,0,0,0,0,0,0,0,0,0,0,0,0,0,616,Tunisia,1962,2016,,,,
615,Algeria,1,0,0,0,0,0,0,0,0,0,0,0,0,0,0,0,620,Libya,1962,2016,,,,
616,Tunisia,1,0,0,0,0,0,0,0,0,0,0,0,0,0,0,0,620,Libya,1956,2016,,,,
616,Tunisia,1,0,0,0,0,0,0,0,0,0,0,0,0,0,0,0,640,Turkey/Ottoman Empire,1835,1880,,,,
620,Libya,1,0,0,0,0,0,0,0,0,0,0,0,0,0,0,0,625,Sudan,1956,2016,,,,
620,Libya,1,0,0,0,0,0,0,0,0,0,0,0,0,0,0,0,651,Egypt/UAR,1952,2016,,,,
625,Sudan,1,1,3,3,"Nilen, W. Allagi, W. Figû",0,0,0,0,0,0,0,0,0,"A,A,A",1,651,Egypt/UAR,1956,2016,,,,
630,Iran (Persia),1,1,4,3,"Nàslù, Qotùr, Kotur, Seyhli G.",0,0,Eufrates-Tigris,884000,884000,238500,238500,163000,163000,"B,B,B,B",2,640,Turkey/Ottoman Empire,1855,2016,,,,
630,Iran (Persia),1,1,17,4,"Zab, Gògasùr, Sirvàn, Zimkòm, Maydàn, Qòratu, Alwand, Dhù Shaykh, Amiràbad, Qaleh Darreh, N. Wadi, Nahr at lib, Doveyrich, Karkheh, Karkheh Kur, N. as Sàbilah, Tigris",0,0,Eufrates-Tigris,884000,884000,238500,238500,362500,362500,"A,A,A,A,A,A,A,A,A,A,A,A,A,B,B,B,B",1,645,Iraq,1932,2016,,,,
630,Iran (Persia),1,1,4,4,"Hari Rùd, Schao, Helmand R., Shelag R.",0,0,Helmand,386000,386000,78000,78000,300000,300000,"A,A,A,B",1,700,Afghanistan,1920,2016,,,,
630,Iran (Persia),1,1,4,4,"Atrek, Chandyr, Sumbar, Hari Rùd",0,0,0,0,0,0,0,0,0,"A,B,A,A",1,701,Turkmenia,1991,2016,,,,
630,Iran (Persia),1,1,3,4,"Tahlab R., Màshkid, Nahang ",0,0,0,0,0,0,0,0,0,"A,B,B",2,770,Pakistan,1947,2016,,,,
640,Turkey/Ottoman Empire,1,1,6,4,"Hezil, Khàbùr, Zap, Ru è-Shamdihàn, Hàji Beg, Baràzgir",0,0,0,0,0,0,0,0,0,"A,A,A,A,A,B",1,645,Iraq,1932,2016,,,,
640,Turkey/Ottoman Empire,1,0,0,0,0,0,0,0,0,0,0,0,0,0,0,0,651,Egypt/UAR,1855,1881,,,,
640,Turkey/Ottoman Empire,1,0,0,0,0,0,0,0,0,0,0,0,0,0,0,0,651,Egypt/UAR,1958,1960,,,,
640,Turkey/Ottoman Empire,1,1,17,4,"Kabir, Asi, Àfrin, Karasu, Quwaya, Nahr Sàjùr, Eufrates, Cermelek, Cudi, Nelluz, Teilharhecircibi, Kartalcircib, Bü Circip, Khàbùr, Jaghjaghah, W. Jarràh, Tigris",0,0,Eufrates-Tigris,884000,884000,163000,163000,120000,120000,"A,A,A,A,A,A,A,A,A,A,A,A,A,A,A,A,A",1,652,Syria,1946,1957,,,,
640,Turkey/Ottoman Empire,1,1,17,4,"Kabir, Asi, Àfrin, Karasu, Quwaya, Nahr Sàjùr, Eufrates, Cermelek, Cudi, Nelluz, Teilharhecircibi, Kartalcircib, Bü Circip, Khàbùr, Jaghjaghah, W. Jarràh, Tigris",0,0,Eufrates-Tigris,884000,884000,163000,163000,120000,120000,"A,A,A,A,A,A,A,A,A,A,A,A,A,A,A,A,A",1,652,Syria,1961,2016,,,,
645,Iraq,1,1,6,4,"Euphrates, W. 'Akâsh, W. Bir Mujamma'a, Bir Hawisa, Buwaitr, Tigris ",0,0,Eufrates-Tigris,884000,884000,362500,362500,120000,120000,"B,A,A,A,A,B",1,651,Egypt/UAR,1958,1960,,,,
645,Iraq,1,1,6,4,"Euphrates, W. 'Akâsh, W. Bir Mujamma'a, Bir Hawisa, Buwaitr, Tigris ",0,0,Eufrates-Tigris,884000,884000,362500,362500,120000,120000,"B,A,A,A,A,B",1,652,Syria,1946,1957,,,,
645,Iraq,1,1,6,4,"Euphrates, W. 'Akâsh, W. Bir Mujamma'a, Bir Hawisa, Buwaitr, Tigris ",0,0,Eufrates-Tigris,884000,884000,362500,362500,120000,120000,"B,A,A,A,A,B",1,652,Syria,1961,2016,,,,
645,Iraq,1,1,2,4,"Sh. al Waley, Jabal Unayzah",0,0,0,0,0,0,0,0,0,"A,A",1,663,Jordan,1946,2016,,,,
645,Iraq,1,1,8,4,"Magar an, Na'am, W. al Mirà, Wàdi al Ubayyid, W. Hamir, Ar'ar, Qur, Wàdi  ",0,0,0,0,0,0,0,0,0,"B,B,B,B,B,B,B,B",2,670,Saudi Arabia,1932,2016,,,,
645,Iraq,1,1,1,1,Wali al-Batin,0,0,0,0,0,0,0,0,0,A,1,690,Kuwait,1961,2016,,,,
651,Egypt/UAR,1,1,3,4,"Asi, Kebû, Jordan",0,0,0,0,0,0,0,0,0,"B,B,B",2,660,Lebanon,1958,1960,,,,
651,Egypt/UAR,1,1,3,4,"Yarmuk, W. adh Dhabab, W. Lufhi",0,0,0,0,0,0,0,0,0,"A,A,A",1,663,Jordan,1958,1960,,,,
651,Egypt/UAR,1,1,2,3,"W. Hareidin, Paran",0,0,0,0,0,0,0,0,0,"B,A",3,666,Israel,1948,2016,,,,
652,Syria,1,1,3,4,"Asi, Kebû, Jordan",0,0,Jordan,11500,11500,3400,3400,700,700,"B,B,B",2,660,Lebanon,1946,1957,,,,
652,Syria,1,1,3,4,"Asi, Kebû, Jordan",0,0,Jordan,11500,11500,3400,3400,700,700,"B,B,B",2,660,Lebanon,1961,2016,,,,
652,Syria,1,1,3,4,"Yarmuk, W. adh Dhabab, W. Lufhi",0,0,Jordan,11500,11500,3400,3400,6200,6200,"A,A,A",1,663,Jordan,1946,1957,,,,
652,Syria,1,1,3,4,"Yarmuk, W. adh Dhabab, W. Lufhi",0,0,Jordan,11500,11500,3400,3400,6200,6200,"A,A,A",1,663,Jordan,1961,2016,,,,
652,Syria,1,1,2,4,"Yarmuk, Jordan",0,0,Jordan,11500,11500,3400,3400,1200,1200,"A,A",1,666,Israel,1948,1957,,,,
652,Syria,1,1,2,4,"Yarmuk, Jordan",0,0,Jordan,11500,11500,3400,3400,1200,1200,"A,A",1,666,Israel,1961,2016,,,,
660,Lebanon,1,1,2,3,"Hasbani, Dan",0,0,Jordan,11500,11500,700,700,1200,1200,A,1,666,Israel,1948,2016,,,,
663,Jordan,1,1,3,4,"Yarmuk, Jordan, W. el Jeib",0,0,Jordan,11500,11500,6200,6200,1200,1200,"A,B,A",1,666,Israel,1948,2016,,,,
663,Jordan,1,1,7,4,"W. Saladih, W. Ruweita, W. al-Unab, Wadi Hadraj, Wadi Hasa, Wadi Bair, Wadi ad Dirwah",0,0,0,0,0,0,0,0,0,"A,A,B,B,B,B,B",2,670,Saudi Arabia,1946,2016,,,,
670,Saudi Arabia,1,1,2,3,"W. Najrân, W. Atfayn",0,0,0,0,0,0,0,0,0,"B,B",2,678,Yemen Arab Republic,1927,1989,,,,
670,Saudi Arabia,1,1,2,3,"W. Najrân, W. Atfayn",0,0,0,0,0,0,0,0,0,"B,B",2,679,Yemen,1990,2016,,,,
670,Saudi Arabia,1,0,0,0,0,0,0,0,0,0,0,0,0,0,0,0,680,Yemen People's Republic,1967,1989,,,,
670,Saudi Arabia,1,0,0,0,0,0,0,0,0,0,0,0,0,0,0,0,690,Kuwait,1961,2016,,,,
670,Saudi Arabia,1,0,0,0,0,0,0,0,0,0,0,0,0,0,0,0,692,Bahrain,1986,2016,,,,
670,Saudi Arabia,1,0,0,0,0,0,0,0,0,0,0,0,0,0,0,0,694,Qatar,1971,2016,,,,
670,Saudi Arabia,1,0,0,0,0,0,0,0,0,0,0,0,0,0,0,0,696,United Arab Emirates,1971,2016,,,,
670,Saudi Arabia,1,0,0,0,0,0,0,0,0,0,0,0,0,0,0,0,698,Oman,1971,2016,,,,
678,Yemen Arab Republic,1,1,1,3,Bana,0,0,Tiban,6200,6200,3300,3300,2900,2900,A,1,680,Yemen People's Republic,1967,1989,,,,
679,Yemen,1,1,4,4,"W. Rakhawt, W. Shuayt, W. Shihan, Habarut",0,0,0,0,0,0,0,0,0,"A,A,A,A",1,698,Oman,1990,2016,,,,
680,Yemen People's Republic ,1,1,4,4,"W. Rakhawt, W. Shuayt, W. Shihan, Habarut",0,0,0,0,0,0,0,0,0,"A,A,A,A",1,698,Oman,1971,1989,,,,
694,Qatar,1,0,0,0,0,0,0,0,0,0,0,0,0,0,0,0,696,United Arab Emirates,1971,2016,,,,
696,United Arab Emirates,1,0,0,0,0,0,0,0,0,0,0,0,0,0,0,0,698,Oman,1971,2016,,,,
700,Afghanistan,1,1,4,4,"Amudar `'ya, Qaisar, Murgab, Kushka",0,0,0,0,0,0,0,0,0,"A,B,A,A",1,701,Turkmenia,1991,2016,,,,
700,Afghanistan,1,1,1,2,"Amudar `'ya, Pyandzh",0,0,0,0,0,0,0,0,0,"B,B",2,702,Tadzhikistan,1991,2016,,,,
700,Afghanistan,1,1,1,2,Amudar `'ya,0,0,0,0,0,0,0,0,0,B,2,704,Uzbekistan,1991,2016,,,,
700,Afghanistan,1,0,0,0,0,0,0,0,0,0,0,0,0,0,0,0,710,China,1920,2016,,,,
700,Afghanistan,1,1,11,4,"Kunar, Kabul, Kurram, Naka P., Tochi, Kundar, Khand P., Qala, Kadanai R., Pishin R., Shikar R.",0,0,0,0,0,0,0,0,0,"B,A,A,A,A,A,A,A,B,B,A",1,770,Pakistan,1947,2016,,,,
701,Turkmenia,1,1,1,2,Amudar `'ya,0,0,0,0,0,0,0,0,0,B,2,704,Uzbekistan,1991,2016,,,,
701,Turkmenia,1,0,0,0,0,0,0,0,0,0,0,0,0,0,0,0,705,Kazakhstan,1991,2016,,,,
702,Tadzhikistan,1,0,0,0,0,0,0,0,0,0,0,0,0,0,0,0,703,Kirgizia,1991,2016,,,,
702,Tadzhikistan,1,1,1,2,Naryn,0,0,0,0,0,0,0,0,0,B,2,704,Uzbekistan,1991,2016,,,,
702,Tadzhikistan,1,1,1,3,Lenina,0,0,0,0,0,0,0,0,0,A,1,710,China,1991,2016,,,,
703,Kirgizia,1,1,3,3,"Naryn, Malisu, Karaunkyur",0,0,0,0,0,0,0,0,0,A,1,704,Uzbekistan,1991,2016,,,,
703,Kirgizia,1,1,1,2,Chu,0,0,0,0,0,0,0,0,0,A,1,705,Kazakhstan,1991,2016,,,,
703,Kirgizia,1,1,2,3,"Toxan He, Bedel",0,0,0,0,0,0,0,0,0,"A,A",1,710,China,1991,2016,,,,
704,Uzbekistan,1,0,0,0,0,0,0,0,0,0,0,0,0,0,0,0,705,Kazakhstan,1991,2016,,,,
705,Kazakhstan,1,1,2,3,"Ulungur He, Kapchagay",0,0,0,0,0,0,0,0,0,"B,B",2,710,China,1991,2016,,,,
710,China,1,1,2,3,"Ulungur He, Kerulen",0,0,Amur,1900000,1900000,845000,845000,60000,60000,"B,B",2,712,Mongolia,1921,2016,,,,
710,China,1,1,2,1,"Yalu, Tumen",0,0,"Yalu, Tumen","64500, 34400",98900,"32000, 24000",56000,"32500, 10000",42500,"B,B",2,730,Korea,1888,1904,,,,
710,China,1,1,2,1,"Yalu, Tumen",0,0,"Yalu, Tumen","64500, 34400",98900,"32000, 24000",56000,"32500, 10000",42500,"B,B",2,731,"Korea, Dem. People's Rep.",1948,2016,,,,
710,China,1,1,4,4,"Indus, Yarkant, Sutlej, Brahmaputra",0,0,Ganges-Brahmaputra,1600400,1600400,0,0,missing,0,"A,A,A,A",1,750,India,1947,2016,,,,
710,China,1,1,1,3,Kur,0,0,Ganges-Brahmaputra,1600400,1600400,0,0,47000,47000,A,1,760,Bhutan,1971,2016,,,,
710,China,1,0,0,0,0,0,0,0,0,0,0,0,0,0,0,0,770,Pakistan,1947,2016,,,,
710,China,1,1,4,4,"Salween, Irrawadda, Mekong, Nam, ",0,0,Mekong,786000,786000,174000,174000,22500,22500,"A,A,A,A",1,775,Myanmar (Burma),1948,2016,,,,
710,China,1,1,2,3,"Karnali, Kongchenjunga",0,0,Ganges-Brahmaputra,1600400,1600400,0,0,140800,140800,"A,A",1,790,Nepal,1951,2016,,,,
710,China,1,0,0,0,0,0,0,0,0,0,0,0,0,0,0,0,812,Laos,1954,2016,,,,
710,China,1,1,2,3,"Hong, Da",0,0,Red,169600,169600,90000,90000,78000,78000,"A,A",1,816,"Vietnam, Dem. Rep.",1954,2016,,,,
731,"Korea, Dem. People's Rep.",1,1,3,4,"Imjin, Pukhan, Hwach òn-chòsuji",0,0,Han,34700,34700,28500,28500,6200,6200,"A,A,A",1,732,"Korea, Rep. of",1949,2016,,,,
750,India,1,1,2,3,"Manas, Torsa",0,0,Ganges-Brahmaputra,1600400,1600400,0,0,47000,47000,"B,B",2,760,Bhutan,1971,2016,,,,
750,India,1,1,4,4,"Sutlei, Chenab, Indus, Uri",0,0,Indus,98000,98000,0,0,missing,0,"A,A,A,A",1,770,Pakistan,1947,2016,,,,
750,India,1,1,7,4,"Brahmaputra, Ganges, Atrai, Tistà, Jalahaka, Gadadhar, Langai",0,0,Ganges-Brahmaputra,1600400,1600400,0,0,113300,113300,"A,B,A,A,A,A,A",1,771,Bangladesh,1972,2016,,,,
750,India,1,1,2,4,"Manipur, Chindwin",0,0,Irrawaddy,396000,396000,33000,33000,345000,345000,"A,A",1,775,Myanmar (Burma),1948,2016,,,,
750,India,1,1,4,4,"Gogra, Gandak, Kankai, Kangchenjunga",0,0,Ganges-Brahmaputra,1600400,1600400,0,0,140800,140800,"B,B,B,B",2,790,Nepal,1947,2016,,,,
770,Pakistan,1,0,0,0,0,0,0,0,0,0,0,0,0,0,0,0,775,Myanmar (Burma),1948,1971,,,,
771,Bangladesh,1,0,0,0,0,0,0,0,0,0,0,0,0,0,0,0,775,Myanmar (Burma),1972,2016,,,,
775,Myanmar (Burma),1,1,1,1,Salween,0,0,Salween,270000,270000,110000,110000,17000,17000,A,1,800,Thailand,1948,2016,,,,
775,Myanmar (Burma),1,1,1,1,Mekong,0,0,Mekong,786000,786000,22500,22500,199500,199500,A,1,812,Laos,1954,2016,,,,
800,Thailand,1,1,1,3,Tonle Sap,0,0,Mekong,786000,786000,180000,180000,149000,149000,A,1,811,Cambodia (Kampuchea),1953,2016,,,,
800,Thailand,1,1,1,1,Mekong,0,0,Mekong,786000,786000,180000,180000,199500,199500,B,2,812,Laos,1954,2016,,,,
800,Thailand,1,0,0,0,0,0,0,0,0,0,0,0,0,0,0,0,820,Malaysia,1957,2016,,,,
811,Cambodia (Kampuchea),1,1,2,3,"Se Khong, Mekong",0,0,Mekong,786000,786000,149000,149000,199500,199500,"B,B",2,812,Laos,1954,2016,,,,
811,Cambodia (Kampuchea),1,1,3,4,"Srepok, Se San, Mekong",0,0,Mekong,786000,786000,149000,149000,60500,60500,"B,B,A",2,816,"Vietnam, Dem. Rep.",1975,2016,,,,
811,Cambodia (Kampuchea),1,1,3,4,"Srepok, Se San, Mekong",0,0,Mekong,786000,786000,149000,149000,60500,60500,"B,B,A",2,817,"Vietnam, Rep.of.",1954,1974,,,,
812,Laos,1,1,3,4,"Song Ma, Nam Khan, Song Ca",0,0,"Ca, Ma","28500, 36000",64500,"8300, 13500",21800,"20200, 22500",42700,"A,A,A",1,816,"Vietnam, Dem. Rep.",1954,2016,,,,
812,Laos,1,1,3,4,"Song Ma, Nam Khan, Song Ca",0,0,"Ca, Ma","28500, 36000",64500,"8300, 13500",21800,"20200, 22500",42700,"A,A,A",1,817,"Vietnam, Rep.of.",1954,1974,,,,
816,"Vietnam, Dem. Rep",1,0,0,0,0,0,0,0,0,0,0,0,0,0,0,0,817,"Vietnam, Rep.of.",1954,1974,,,,
820,Malaysia,1,0,0,0,0,0,0,0,0,0,0,0,0,0,0,0,830,Singapore,1965,2016,,,,
820,Malaysia,1,0,0,0,0,0,0,0,0,0,0,0,0,0,0,0,835,Brunei,1984,2016,,,,
820,Malaysia,1,1,1,3,Sembakung,0,0,Sembakung,11000,11000,5000,5000,6000,6000,A,1,850,Indonesia,1963,2016,,,,
850,Indonesia,1,1,7,4,"Bensbach, Merauke, Kongun, Fly, Alice, Sepik, Bewani",0,0,"Fly, Sepik ","67000, 71000",138000,"64000, 2000",66000,"3000, 69000",72000,"A,A,A,A,A,A,A",1,910,Papua New Guniea,1975,2016,,,,
